번호,"통신사(SKT, KT, LGU)","상품명","월 요금","통화/문자","데이터 유형","데이터 제한사항 및 혜택","부가서비스 서비스명","부가서비스 제공내용","부가서비스 할인율","약정기간","제공 혜택","특이사항","가입조건","비고"
2,SKT,5GX 프리미엄(유튜브 프리미엄),"109,000","영상/부가통화 300분, 
문자 기본제공",무제한,테더링/공유 100GB,유튜브,프리미엄,100%,,"집/이동전화 무제한, 
T멤버십 VIP 혜택"," 스마트기기 2회선 이용요금 무료, 
선택약정 반영시 81,720원",만 19세 이상 ,
3,SKT,0 청년 109(유튜브 프리미엄),"109,000","영상/부가통화 300분, 
문자 기본제공",무제한,테더링/공유 120GB,유튜브 ,프리미엄,100%,,"집/이동전화 무제한,
커피/영화/로밍 50% 할인, 
T멤버십 VIP 혜택", 스마트기기 2회선 이용요금 무료,만 19세 이상 만 34세 이하 ,
4,SKT,다이렉트5G 76(유튜브 프리미엄),"76,000","영상/부가통화 300분, 
문자 기본제공",무제한,테더링/공유 100GB,유튜브 ,프리미엄,100%,,"집/이동전화 무제한, 
T멤버십 VIP 혜택", 스마트기기 2회선 이용요금 무료,"만 19세 이상, T 다이렉트샵에서 신규가입, 
기기변경 또는 
유심을 개통한 경우에만 
가입 가능",
5,SKT,5GX 플래티넘(넷플릭스),"125,000","영상/부가통화 300분, 
문자 기본제공",무제한,테더링/공유 120GB,넷플릭스,프리미엄,100%,,"집/이동전화 무제한, 
T멤버십 VIP 혜택"," 스마트기기 2회선 이용요금 무료, 
선택약정 반영시 93,705원",만 19세 이상 ,
6,SKT,5GX 프리미엄(넷플릭스),"109,000","영상/부가통화 300분, 
문자 기본제공",무제한,테더링/공유 100GB,넷플릭스,스탠다드,100%,,"집/이동전화 무제한, 
T멤버십 VIP 혜택"," 스마트기기 2회선 이용요금 무료, 
선택약정 반영시 81,720원",만 19세 이상 ,
7,SKT,5GX 프라임플러스(넷플릭스),"99,000","영상/부가통화 300분, 
문자 기본제공",무제한,테더링/공유 80GB,넷플릭스 ,"광고형 스탠다드,
더 높은 멤버십 이용 시 
최대 9,900원 할인",100%,,"집/이동전화 무제한, 
T멤버십 VIP 혜택"," 스마트기기 2회선 이용요금 무료, 
선택약정 반영시 74,250원",만 19세 이상,
8,SKT,5GX 프라임(넷플릭스),"89,000","영상/부가통화 300분, 
문자 기본제공",무제한,테더링/공유 60GB,넷플릭스,광고형 스탠다드,100%,,"집/이동전화 무제한,
T 우주패스 쇼핑/편의점&카페, FLO 중 1개 할인 
T멤버십 VIP 혜택","스마트기기 1회선 이용요금 무료, 
선택약정 반영 시 66,725원",만 19세 이상 ,
9,SKT,0 청년 109(넷플릭스),"109,000","영상/부가통화 300분, 
문자 기본제공",무제한,테더링/공유 120GB,넷플릭스,스탠다드,100%,,"집/이동전화 무제한,
커피/영화/로밍 50% 할인, T멤버십 VIP 혜택"," 스마트기기 2회선 이용요금 무료, 
선택약정 반영시 81,720원",만 19세 이상 만 34세 이하 ,
10,SKT,0 청년 99(넷플릭스),"99,000","영상/부가통화 300분, 
문자 기본제공",무제한,테더링/공유 100GB,넷플릭스,"광고형 스탠다드,
더 높은 멤버십 이용 시 
최대 9,900원 할인",100%,,"집/이동전화 무제한,
커피/영화/로밍 50% 할인, T멤버십 VIP 혜택"," 스마트기기 2회선 이용요금 무료, 
선택약정 반영시 74,250원",만 19세 이상 만 34세 이하 ,
11,SKT,0 청년 89(넷플릭스),"89,000","영상/부가통화 300분, 
문자 기본제공",무제한,테더링/공유 80GB,넷플릭스,광고형 스탠다드,100%,,"집/이동전화 무제한,
커피/영화/로밍 50% 할인,
T 우주패스 쇼핑/편의점&카페, FLO 중 1개 할인 
T멤버십 VIP 혜택","스마트기기 1회선 이용요금 무료, 
선택약정 반영 시 66,725원",만 19세 이상 만 34세 이하 ,
12,SKT,다이렉트5G 76(넷플릭스),"76,000","영상/부가통화 300분, 
문자 기본제공",무제한,테더링/공유 100GB,넷플릭스,스탠다드,100%,,"집/이동전화 무제한, 
T멤버십 VIP 혜택", 스마트기기 2회선 이용요금 무료,"만 19세 이상, T 다이렉트샵에서 신규가입, 
기기변경 또는 
유심을 개통한 경우에만 
가입 가능",
13,SKT,다이렉트5G 69(넷플릭스),"69,000","영상/부가통화 300분, 
문자 기본제공",무제한,테더링/공유 80GB,넷플릭스,"광고형 스탠다드,
더 높은 멤버십 이용 시 
최대 9,900원 할인",100%,,"집/이동전화 무제한, 
T멤버십 VIP 혜택", 스마트기기 2회선 이용요금 무료,"만 19세 이상, T 다이렉트샵에서 신규가입, 
기기변경 또는 
유심을 개통한 경우에만 
가입 가능",
14,SKT,다이렉트5G 62(넷플릭스),"62,000","영상/부가통화 300분, 
문자 기본제공",무제한,테더링/공유 60GB,넷플릭스,광고형 스탠다드,100%,,"집/이동전화 무제한,
T 우주패스 쇼핑/편의점&카페, FLO 중 1개 할인 
T멤버십 VIP 혜택", 스마트기기 1회선 이용요금 무료,"만 19세 이상, T 다이렉트샵에서 신규가입, 
기기변경 또는 
유심을 개통한 경우에만 
가입 가능",
15,SKT,0 청년 다이렉트 69(넷플릭스),"69,000","영상/부가통화 300분, 
문자 기본제공",무제한,테더링/공유 100GB,넷플릭스,"광고형 스탠다드,
더 높은 멤버십 이용 시 
최대 9,900원 할인",100%,,"집/이동전화 무제한,
커피/영화/로밍 50% 할인, T멤버십 VIP 혜택", 스마트기기 2회선 이용요금 무료,"만 19세 이상 만 34세 이하,
T 다이렉트샵에서 신규가입, 
기기변경 또는 
유심을 개통한 경우에만 
가입 가능","이미 0 청년 다이렉트 
또는 다이렉트5G를 
이용 중인 고객님에 한해 
요금제 변경만 가능"
16,SKT,0 청년 다이렉트 62(넷플릭스),"62,000","영상/부가통화 300분, 
문자 기본제공",무제한,테더링/공유 80GB,넷플릭스,광고형 스탠다드,100%,,"집/이동전화 무제한,
T 우주패스 쇼핑/편의점&카페, FLO 중 1개 할인 
T멤버십 VIP 혜택", 스마트기기 1회선 이용요금 무료,"만 19세 이상 만 34세 이하,
T 다이렉트샵에서 신규가입, 
기기변경 또는 
유심을 개통한 경우에만 
가입 가능","이미 0 청년 다이렉트 
또는 다이렉트5G를 
이용 중인 고객님에 한해 
요금제 변경만 가능"
17,SKT,5GX 프리미엄(디즈니+),"109,000","영상/부가통화 300분, 
문자 기본제공",무제한,테더링/공유 100GB,디즈니+,프리미엄,100%,,"집/이동전화 무제한,
T멤버십 VIP 혜택"," 스마트기기 2회선 이용요금 무료,
선택약정 반영 시 81,720원",만 19세 이상 ,
18,SKT,0 청년 109(디즈니+),"109,000","영상/부가통화 300분, 
문자 기본제공",무제한,테더링/공유 120GB,디즈니+,프리미엄,100%,,"집/이동전화 무제한,
커피/영화/로밍 50% 할인, T멤버십 VIP 혜택"," 스마트기기 2회선 이용요금 무료,
선택약정 반영 시 81,720원",만 19세 이상 만 34세 이하,
19,SKT,다이렉트5G 76(디즈니+),"76,000","영상/부가통화 300분, 
문자 기본제공",무제한,테더링/공유 100GB,디즈니+,프리미엄,100%,,"집/이동전화 무제한,
T멤버십 VIP 혜택", 스마트기기 2회선 이용요금 무료,"만 19세 이상, T 다이렉트샵에서 신규가입, 
기기변경 또는 
유심을 개통한 경우에만 
가입 가능",
20,SKT,5GX 프라임플러스(디즈니+),"99,000","영상/부가통화 300분, 
문자 기본제공",무제한,테더링/공유 80GB,디즈니+,프리미엄,100%,,"집/이동전화 무제한,
T멤버십 VIP 혜택"," 스마트기기 2회선 이용요금 무료,
선택약정 반영 시 74,250원",만 19세 이상 ,
21,SKT,0 청년 99(디즈니+),"99,000","영상/부가통화 300분, 
문자 기본제공",무제한,테더링/공유 100GB,디즈니+,스탠다드,100%,,"집/이동전화 무제한,
커피/영화/로밍 50% 할인, T멤버십 VIP 혜택"," 스마트기기 2회선 이용요금 무료,
선택약정 반영 시 74,250원",만 19세 이상 만 34세 이하 ,
22,KT,요고 69,"69,000","영상/부가통화 300분, 
문자 기본제공",무제한,"만 34세 이하의 경우, 공유 데이터 2배 제공","티빙 베이직, 디즈니+ 스탠다드, 유튜브 프리미엄 중 택 2(24개월),
지니, 밀리의 서재, 블라이스 중 택 1",,"100%,
100%",,"집/이동전화 무제한,
OTT 선택 안할 시, 스마트 기기 할인,
멤버십 VIP",스마트기기 2회선 최대 100% 할인,,
23,KT,요고 61,"61,000","영상/부가통화 300분, 
문자 기본제공",무제한,"만 34세 이하의 경우, 공유 데이터 2배 제공","티빙 베이직, 디즈니+ 스탠다드, 유튜브 프리미엄 중 택 2(24개월),
지니, 밀리의 서재, 블라이스 중 택 1",,"100%,
100%",,"집/이동전화 무제한,
OTT 선택 안할 시, 스마트 기기 할인,
멤버십 VIP",스마트기기 1회선 최대 100% 할인,,
24,KT,요고 55,"55,000","영상/부가통화 300분, 
문자 기본제공",200GB,"다 쓰면 최대 5Mbps 제공,
만 34세 이하의 경우, 기본 데이터 한번 더 제공","티빙(24개월),
지니, 밀리의 서재, 블라이스 중 택 1", 광고형 스탠다드,"100%,
50%",,"집/이동전화 무제한,
OTT 선택 안할 시, 스마트 기기 할인,
멤버십 VIP",스마트기기 1회선 최대 50% 할인,,
25,KT,요고 49,"49,000","영상/부가통화 300분, 
문자 기본제공",120GB,"다 쓰면 최대 5Mbps 제공,
만 34세 이하의 경우, 기본 데이터 한번 더 제공","티빙(12개월),
지니, 밀리의 서재, 블라이스 중 택 1",광고형 스탠다드,"100%,
50%",,"집/이동전화 무제한,
멤버십 VIP",,,
26,KT,요고 46,"46,000","영상/부가통화 300분, 
문자 기본제공",80GB,"다 쓰면 최대 1Mbps 제공,
만 34세 이하의 경우, 기본 데이터 한번 더 제공","티빙(12개월),
지니, 밀리의 서재, 블라이스 중 택 1",광고형 스탠다드,"100%,
50%",,"집/이동전화 무제한,
멤버십 VIP",,,
27,KT,요고 44,"44,000","영상/부가통화 300분, 
문자 기본제공",40GB,"다 쓰면 최대 1Mbps 제공,
만 34세 이하의 경우, 기본 데이터 한번 더 제공,
프로모션 기간에 가입 시, 12개월 간 기본 데이터 한번 더 제공",티빙(12개월),광고형 스탠다드,100%,,"집/이동전화 무제한,
멤버십 VIP",,,
28,KT,요고 42,"42,000","영상/부가통화 300분, 
문자 기본제공",35GB,"다 쓰면 최대 1Mbps 제공,
만 34세 이하의 경우, 기본 데이터 한번 더 제공,
프로모션 기간에 가입 시, 12개월 간 기본 데이터 한번 더 제공,",티빙(12개월),광고형 스탠다드,100%,,"집/이동전화 무제한,
멤버십 VIP",,,
29,KT,요고 40,"40,000","영상/부가통화 300분, 
문자 기본제공",30GB,"다 쓰면 최대 1Mbps 제공,
만 34세 이하의 경우, 기본 데이터 한번 더 제공,
프로모션 기간에 가입 시, 12개월 간 기본 데이터 한번 더 제공,",티빙(12개월),광고형 스탠다드,100%,,"집/이동전화 무제한,
멤버십 VIP",,,
30,KT,요고 38,"38,000","영상/부가통화 300분, 
문자 기본제공",25GB,"다 쓰면 최대 1Mbps 제공,
만 34세 이하의 경우, 기본 데이터 한번 더 제공,
프로모션 기간에 가입 시, 12개월 간 기본 데이터 한번 더 제공,",티빙(6개월),광고형 스탠다드,100%,,"집/이동전화 무제한,",,,
31,KT,요고 36,"36,000","영상/부가통화 300분, 
문자 기본제공",20GB,"다 쓰면 최대 1Mbps 제공,
만 34세 이하의 경우, 기본 데이터 한번 더 제공,
프로모션 기간에 가입 시, 12개월 간 5GB 추가 제공,",티빙(6개월),광고형 스탠다드,100%,,"집/이동전화 무제한,",,,
32,KT,요고 34,"34,000","영상/부가통화 300분, 
문자 기본제공",15GB,"다 쓰면 최대 400Kbps 제공,
만 34세 이하의 경우, 기본 데이터 한번 더 제공,
프로모션 기간에 가입 시, 12개월 간 5GB 추가 제공,",티빙(6개월),광고형 스탠다드,100%,,"집/이동전화 무제한,",,,
33,KT,요고 32,"32,000","영상/부가통화 300분, 
문자 기본제공",10GB,"다 쓰면 최대 400Kbps 제공,
만 34세 이하의 경우, 기본 데이터 한번 더 제공,
프로모션 기간에 가입 시, 12개월 간 5GB 추가 제공,",티빙(6개월),광고형 스탠다드,100%,,"집/이동전화 무제한,",,,
34,KT,요고 30,"30,000","영상/부가통화 300분, 
문자 기본제공",5GB,"다 쓰면 최대 400Kbps 제공,
만 34세 이하의 경우, 기본 데이터 한번 더 제공,
프로모션 기간에 가입 시, 12개월 간 5GB 추가 제공,",티빙(6개월),광고형 스탠다드,100%,,"집/이동전화 무제한,",,,
35,KT,5G 초이스 프리미엄,"130,000","
영상/부가통화 300분, 
문자 기본제공",무제한,"만 34세 이하의 경우, 공유 데이터 2배 제공,
데이터 로밍 무제한 (최대 3Mbps 속도제어)","티빙, 지니, 밀리의 서재, 블라이스, 유튜브 프리미엄, 디바이스, 디즈니+, 넷플릭스, 삼성, 폰케어, 안심체인지 New 갤럭시 AI 클럽, 소상공인(AI 전화 라이트) 중 택 1,
지니, 밀리의 서재, 블라이스 중 택1
",,100%,,"집/이동전화 무제한,
멤버십 VVIP,
단말보험 가입 및 납부 고객 월정액 요금을 멤버십 월 최대 4,500p 할인"," 스마트기기 1회선 이용요금 무료,
데이터쉐어링 1회선 무료",,
36,KT,5G 초이스 스페셜,"110,000","영상/부가통화 300분, 
문자 기본제공",무제한,"만 34세 이하의 경우, 공유 데이터 2배 제공,
데이터 로밍 무제한 (최대 100Kbps 속도제어)","티빙, 지니, 밀리의 서재, 블라이스, 유튜브 프리미엄, 디바이스, 디즈니+, 넷플릭스, 삼성, 폰케어, 안심체인지 New 갤럭시 AI 클럽, 소상공인(AI 전화 라이트) 중 택 1,
지니, 밀리의 서재, 블라이스 중 택1",,100%,,"집/이동전화 무제한,
멤버십 VVIP,
단말보험 가입 및 납부 고객 월정액 요금을 멤버십 월 최대 4,500p 할인"," 스마트기기 1회선 이용요금 무료,
데이터쉐어링 1회선 무료",,
37,KT,5G 초이스 베이직,"90,000","영상/부가통화 300분, 
문자 기본제공",무제한,"만 34세 이하의 경우, 공유 데이터 2배 제공,
데이터 로밍 무제한 (최대 100Kbps 속도제어)","티빙, 지니, 밀리의 서재, 블라이스, 유튜브 프리미엄, 디바이스, 디즈니+, 넷플릭스, 삼성, 폰케어, 안심체인지 New 갤럭시 AI 클럽, 소상공인(AI 전화 라이트) 중 택 1",,100%,,"집/이동전화 무제한,
멤버십 VIP","만 34에 이하의 경우, 스마트기기 1회선 무료 
(단, 이럴 시 데이터쉐어링 혜택 제외),
데이터쉐어링 1회선 무료",,
38,KT,5G 스페셜,"100,000","영상/부가통화 300분, 
문자 기본제공",무제한,"만 34세 이하의 경우, 공유 데이터 2배 제공,
데이터 로밍 무제한 (최대 100Kbps 속도제어)",,,,,"집/이동전화 무제한,
멤버십 VVIP", 스마트기기 또는 데이터쉐어링 1회선 무료,,
39,KT,5G 베이직,"80,000","영상/부가통화 300분, 
문자 기본제공",무제한,"만 34세 이하의 경우, 공유 데이터 2배 제공,
데이터 로밍 무제한 (최대 100Kbps 속도제어)",,,,,"집/이동전화 무제한,
멤버십 VIP",스마트기기 1회선 50% 할인,,
40,KT,5G 심플 110GB,"69,000","영상/부가통화 300분, 
문자 기본제공",110GB,"만 34세 이하의 경우, 기본 데이터 2배 제공,
다 쓰면 최대 5Mbps 제공",,,,,집/이동전화 무제한,,,
41,KT,5G 심플 90GB,"67,000","영상/부가통화 300분, 
문자 기본제공",90GB,"만 34세 이하의 경우, 기본 데이터 2배 제공,
다 쓰면 최대 1Mbps 제공",,,,,집/이동전화 무제한,,,
42,KT,5G 심플 70GB,"65,000","영상/부가통화 300분, 
문자 기본제공",70GB,"만 34세 이하의 경우, 기본 데이터 2배 제공,
다 쓰면 최대 1Mbps 제공",,,,,집/이동전화 무제한,,,
43,KT,5G 심플 50GB,"63,000","영상/부가통화 300분, 
문자 기본제공",50GB,"만 34세 이하의 경우, 기본 데이터 2배 제공,
다 쓰면 최대 1Mbps 제공",,,,,집/이동전화 무제한,,,
44,KT,5G 심플 30GB,"61,000","영상/부가통화 300분, 
문자 기본제공",30GB,"만 34세 이하의 경우, 기본 데이터 2배 제공,
다 쓰면 최대 1Mbps 제공",,,,,집/이동전화 무제한,,,
45,KT,5G 슬림 21GB,"58,000","영상/부가통화 300분, 
문자 기본제공",21GB,"만 34세 이하의 경우, 기본 데이터 2배 제공,
다 쓰면 최대 1Mbps 제공",,,,,집/이동전화 무제한,,,
46,KT,5G 슬림 14GB,"55,000","영상/부가통화 300분, 
문자 기본제공",14GB,"만 34세 이하의 경우, 기본 데이터 2배 제공,
다 쓰면 최대 1Mbps 제공",,,,,집/이동전화 무제한,,,
47,KT,5G 슬림 10GB,"50,000","영상/부가통화 300분, 
문자 기본제공",10GB,"만 34세 이하의 경우, 기본 데이터 2배 제공,
다 쓰면 최대 400Kbps 제공",,,,,집/이동전화 무제한,,,
48,KT,5G 슬림 7GB,"45,000","영상/부가통화 300분, 
문자 기본제공",7GB,"만 34세 이하의 경우, 기본 데이터 2배 제공,
다 쓰면 최대 400Kbps 제공",,,,,집/이동전화 무제한,,,
49,KT,5G 슬림 4GB,"37,000","영상/부가통화 300분, 
문자 기본제공",4GB,"만 34세 이하의 경우, 기본 데이터 2배 제공,
다 쓰면 최대 400Kbps 제공",,,,,집/이동전화 무제한,,,
50,KT,5G 슬림(이월) 21GB,"58,000","영상/부가통화 300분, 
문자 기본제공",21GB,"만 34세 이하의 경우, 기본 데이터 2배 제공,
데이터 이월 가능",,,,,집/이동전화 무제한,,,
51,KT,5G 슬림(이월) 14GB,"55,000","영상/부가통화 300분, 
문자 기본제공",14GB,"만 34세 이하의 경우, 기본 데이터 2배 제공,
데이터 이월 가능",,,,,집/이동전화 무제한,,,
52,KT,5G 슬림(이월) 10GB,"50,000","영상/부가통화 300분, 
문자 기본제공",10GB,"만 34세 이하의 경우, 기본 데이터 2배 제공,
데이터 이월 가능",,,,,집/이동전화 무제한,,,
53,KT,5G 슬림(이월) 7GB,"45,000","영상/부가통화 300분, 
문자 기본제공",7GB,"만 34세 이하의 경우, 기본 데이터 2배 제공,
데이터 이월 가능",,,,,집/이동전화 무제한,,,
54,KT,5G 슬림(이월) 4GB,"37,000","영상/부가통화 300분, 
문자 기본제공",4GB,"만 34세 이하의 경우, 기본 데이터 2배 제공,
데이터 이월 가능",,,,,집/이동전화 무제한,,,
55,KT,5G Y 스페셜,"100,000","영상/부가통화 300분, 
문자 기본제공",무제한,데이터 로밍 무제한 (최대 1Mbps 속도제어),,,,,"집/이동전화 무제한,
멤버십 VVIP,
단말보험 가입 및 납부 고객 월정액 요금을 멤버십 월 최대 4,500p 할인,
프리미엄 가족결합으로 최대 50% 할인(요금할인 지원금과 동시 이용시)", 스마트기기 또는 데이터쉐어링 1회선 무료,만 34세 이하 ,
56,KT,5G Y 베이직,"80,000","영상/부가통화 300분, 
문자 기본제공",무제한,데이터 로밍 무제한 (최대 1Mbps 속도제어),,,,,"집/이동전화 무제한,
멤버십 VIP,
프리미엄 가족결합으로 최대 50% 할인(요금할인 지원금과 동시 이용시)",스마트 기기 50% 할인,만 34세 이하 ,
57,KT,5G Y 슬림,"55,000","영상/부가통화 300분, 
문자 기본제공",14GB,"데이터 로밍 무제한 (최대 100Kbps 속도제어),
다 쓰면 최대 1Mbps 제공",,,,,집/이동전화 무제한,,만 34세 이하 ,
58,KT,5G Y틴,"47,000","영상/부가통화 300분, 
문자 기본제공",10GB,"만 34세 이하의 경우, 공유 데이터 10GB 추가 제공,
다 쓰면 최대 1Mbps 제공",,,,,집/이동전화 무제한,,만 18세 이하,만 19세가 되는 생일 다음 달 1일 5G 슬림 요금제로 자동 전환
59,KT,5G 주니어,"38,000","영상/부가통화 300분, 
문자 기본제공",5GB,다 쓰면 최대 1Mbps 제공,,,,,"집/이동전화 무제한,
KT 안심박스 무료제공",,만 12세 이하,
60,KT,5G 주니어 슬림,"28,000","영상/부가통화 100분, 
문자 기본제공",3GB,다 쓰면 최대 400Kbps 제공,,,,,"집/이동전화 무제한,
KT 안심박스 무료제공",,만 12세 이하,
61,KT,5G 시니어 베이직,"49,000","영상/부가통화 400분, 
문자 기본제공",15GB,다 쓰면 최대 1Mbps 제공,,,,,"집/이동전화 무제한,
KT 안심박스 무료제공",,만 65세 이상,
62,KT,5G 시니어 A형,"44,000","영상/부가통화 400분, 
문자 기본제공",10GB,다 쓰면 최대 1Mbps 제공,,,,,"집/이동전화 무제한,
KT 안심박스 무료제공",,만 65세 이상,
63,KT,5G 시니어 B형,"42,000","영상/부가통화 400분, 
문자 기본제공",9GB,다 쓰면 최대 1Mbps 제공,,,,,"집/이동전화 무제한,
KT 안심박스 무료제공",,만 75세 이상,
64,KT,5G 시니어 C형,"41,000","영상/부가통화 400분, 
문자 기본제공",8GB,다 쓰면 최대 1Mbps 제공,,,,,"집/이동전화 무제한,
KT 안심박스 무료제공",,만 80세 이상,
65,KT,5G 웰컴 5,"59,000","음성 200분,
문자 200건",5GB,"다 쓰면 최대 5Mbps 제공,
20GB 추가 제공(기존 제공 데이터 추가 시 총 25GB/월)",,,,,"001 Free 무료,
Hanpass 해외송금 수수료 무료,
Hanpass 해외송금 수수료 무료
쿠폰 1장 추가,
고품질 국제 전화 무료,
해외송금 수수료 무료","동일국적 친구와 결합하면 월 최대 5,500원 할인","24.4.29~25.4.30 기간 중 
가입한 외국인",
66,KT,5G 웰컴 3,"49,000","음성 200분,
문자 200건",3GB,"다 쓰면 최대 3Mbps 제공,
데이터 속도 업그레이드(3Mbps →5Mbps)",,,,,"001 Free 무료,
Hanpass 해외송금 수수료 무료,
Hanpass 해외송금 수수료 무료
쿠폰 1장 추가,
고품질 국제 전화 무료,
해외송금 수수료 무료","동일국적 친구와 결합하면 월 최대 5,500원 할인","24.4.29~25.4.30 기간 중 
가입한 외국인",
67,KT,5G 웰컴 1,"39,000","음성 200분,
문자 200건",1GB,"다 쓰면 최대 1Mbps 제공,
데이터 속도 업그레이드(1Mbps →3Mbps)",,,,,"001 Free 무료,
Hanpass 해외송금 수수료 무료,
Hanpass 해외송금 수수료 무료
쿠폰 1장 추가,
고품질 국제 전화 무료,
해외송금 수수료 무료","동일국적 친구와 결합하면 월 최대 5,500원 할인","24.4.29~25.4.30 기간 중 
가입한 외국인",
68,KT,5G 베이직 복지,"80,000","영상/부가통화 600분, 
문자 기본제공",무제한,데이터 로밍 무제한 (최대 100Kbps 속도제어),,,,,"집/이동전화 무제한,
멤버십 VIP",,,
69,KT,5G 심플 복지,"69,000","영상/부가통화 600분, 
문자 기본제공",110GB,다 쓰면 최대 5Mbps 제공,,,,,집/이동전화 무제한,,,
70,KT,5G 슬림 복지,"55,000","영상/부가통화 600분, 
문자 기본제공",14GB,다 쓰면 최대 1Mbps 제공,,,,,집/이동전화 무제한,,,
71,LGU+,5G 프리미어 에센셜,"85,000","부가통화 300분,
문자 기본제공",무제한,테더링/공유 70GB,,,,24,"집/이동전화 무제한,
U+ 모바일tv 기본 월정액 무료,
U+멤버십 VIP,
25.4.1~25.10.31 기간 중 5G월정액 85,000원 이상 요금제 사용 시 로밍패스 요금제 가입 시 로밍 패스 기본 데이터를 2배로 받기 가능","약정 할인 시 58,500원,
U+휴대폰을 쓰는 친구, 가족과 결합하면 데이터 무제한 요금제를 최대 20,000원에 사용 가능,
만 19세 이하 청소년은 매달 10,000원 더 할인 받기 가능,
LG유플러스 매장 또는 고객센터 114에서 별도 신청할 경우, 약정 기간동안 통신요금 매달 5,250원 추가 할인",,
72,LGU+,5G 스탠다드,"75,000","부가통화 300분,
문자 기본제공",150GB,"기본 제공량 내 테더링/공유 60GB,
다 쓰면 최대 5Mbps 제공",,,,,"집/이동전화 무제한,
U+ 모바일tv 기본 월정액 무료,
U+멤버십 VIP","약정 할인 시 56,250",,
73,LGU+,5G 프리미어 레귤러,"95,000","부가통화 300분,
문자 기본제공",무제한,테더링/공유 80GB,"아이들나라 스탠다드+러닝, 바이브 300회 음악 감상, 유플레이, 밀리의 서재, 지니뮤직 300회 음악감상 중 택 1",,100%,,"집/이동전화 무제한,
U+ 모바일tv 기본 월정액 무료,
U+멤버십 VIP
스마트 기기 1대 월정액 할인 (1대당 최대 11,000원),
25.4.1~25.10.31 기간 중 5G월정액 85,000원 이상 요금제 사용 시 로밍패스 요금제 가입 시 로밍 패스 기본 데이터를 2배로 받기 가능","약정 할인 시 66,000원,
U+휴대폰을 쓰는 친구, 가족과 결합하면 데이터 무제한 요금제를 최대 20,000원에 사용 가능,
만 19세 이하 청소년은 매달 10,000원 더 할인 받기 가능,
LG유플러스 매장 또는 고객센터 114에서 별도 신청할 경우, 약정 기간동안 통신요금 매달 5,250원 추가 할인",,
74,LGU+,5G 데이터 레귤러,"63,000","부가통화 300분,
문자 기본제공",50GB,"기본 제공량 내 테더링/공유 40GB,
다 쓰면 최대 1Mbps 제공",,,,,"집/이동전화 무제한,
U+ 모바일tv 기본 월정액 무료","약정 할인 시 47,250원",,
75,LGU+,5G 데이터 플러스,"66,000","부가통화 300분,
문자 기본제공",80GB,"기본 제공량 내 테더링/공유 45GB,
다 쓰면 최대 1Mbps 제공",,,,,"집/이동전화 무제한,
U+ 모바일tv 기본 월정액 무료","약정 할인 시 49,500원",,
76,LGU+,5G 심플+,"61,000","부가통화 300분,
문자 기본제공",31GB,다 쓰면 최대 1Mbps 제공,,,,,"집/이동전화 무제한,
U+ 모바일tv 기본 월정액 무료","약정 할인 시 45,750원",,
77,LGU+,유쓰 5G 데이터 플러스,"66,000","부가통화 300분,
문자 기본제공",110GB,"기본 제공량 내 테더링/공유 50GB,
다 쓰면 최대 1Mbps 제공",,,,,"집/이동전화 무제한,
U+ 모바일tv 무료","약정 할인 시 49,500원",청년(만 19세 이상 만 34세 이하),
78,LGU+,5G 라이트+,"55,000","부가통화 300분,
문자 기본제공",14GB,다 쓰면 최대 1Mbps 제공,,,,,"집/이동전화 무제한,
U+ 모바일tv 라이트 무료","약정 할인 시 41,250원",,
79,LGU+,유쓰 5G 스탠다드,"75,000","부가통화 300분,
문자 기본제공",210GB,"기본 제공량 내 테더링/공유 65GB,
다 쓰면 최대 5Mbps 제공",,,,,"집/이동전화 무제한,
U+ 모바일tv 무료,
U+멤버십 VIP","약정 할인 시 56,250원",청년(만 19세 이상 만 34세 이하),
80,LGU+,5G 미니,"37,000","부가통화 300분,
문자 기본제공",5GB,다 쓰면 최대 400Kbps 제공,,,,,"집/이동전화 무제한,
U+ 모바일tv 라이트 무료","약정 할인 시 27,750원",,
81,LGU+,5G 슬림+,"47,000","부가통화 300분,
문자 기본제공",9GB,다 쓰면 최대 400Kbps 제공,,,,,"집/이동전화 무제한,
U+ 모바일tv 라이트 무료","약정 할인 시 35,250원",,
82,LGU+,5G 프리미어 플러스,"105,000","부가통화 300분,
문자 기본제공",무제한,테더링/공유 100GB,"삼성팩, 티빙, 디즈니+, 넷플릭스, 헬로렌탈구독, 일리커피구독, 우리집지킴이 Easy2+, 신한카드 Air, 유튜브 프리미엄 할인, 멀티팩 중 택 1,
아이들나라 스탠다드+러닝, 바이브 앱 음악감상, 유플레이, 밀리의 서재, 지니 중 택 1",,일부 100%,,"집/이동전화 무제한,
U+ 모바일tv 기본 월정액 무료,
스마트 기기 2대 월정액 할인(1대당 최대 11,000원),
25.4.1~25.10.31 기간 중 5G월정액 85,000원 이상 요금제 사용 시 로밍패스 요금제 가입 시 로밍 패스 기본 데이터를 2배로 받기 가능","약정 할인 시 73,500원,
U+휴대폰을 쓰는 친구, 가족과 결합하면 데이터 무제한 요금제를 최대 20,000원에 사용 가능,
만 19세 이하 청소년은 매달 10,000원 더 할인 받기 가능,
LG유플러스 매장 또는 고객센터 114에서 별도 신청할 경우, 약정 기간동안 통신요금 매달 5,250원 추가 할인",,
83,LGU+,유쓰 5G 라이트+,"55,000","부가통화 300분,
문자 기본제공",26GB,다 쓰면 최대 1Mbps 제공,,,,,"집/이동전화 무제한,
U+ 모바일tv 라이트 무료","약정 할인 시 41,250원",청년(만 19세 이상 만 34세 이하),
84,LGU+,5G 시니어 B형,"43,000","부가통화 400분,
문자 기본제공",10GB,다 쓰면 최대 1Mbps 제공,,,,,"집/이동전화 무제한,
U+ 모바일tv 라이트 무료","약정 할인 시 32,250원",만 70세 이상 만 79세 이하 ,
85,LGU+,유쓰 5G 슬림+,"47,000","부가통화 300분,
문자 기본제공",15GB,다 쓰면 최대 400Kbps 제공,,,,,"집/이동전화 무제한,
U+ 모바일tv 라이트 무료","약정 할인 시 35,250원",청년(만 19세 이상 만 34세 이하),
86,LGU+,유쓰 5G 데이터 레귤러,"63,000","부가통화 300분,
문자 기본제공",70GB,"기본 제공량 내 테더링/공유 45GB,
다 쓰면 최대 1Mbps 제공",,,,,"집/이동전화 무제한,
U+ 모바일tv 무료","약정 할인 시 47,250원",청년(만 19세 이상 만 34세 이하),
87,LGU+,5G 시니어 A형,"45,000","부가통화 400분,
문자 기본제공",10GB,다 쓰면 최대 1Mbps 제공,,,,,"집/이동전화 무제한,
U+ 모바일tv 라이트 무료","약정 할인 시 33,750원",만 65세 이상 만 69세 이하,
88,LGU+,유쓰 5G 미니,"37,000","부가통화 300분,
문자 기본제공",9GB,다 쓰면 최대 400Kbps 제공,,,,,"집/이동전화 무제한,
U+ 모바일tv 라이트 무료","약정 할인 시 27,750원",청년(만 19세 이상 만 34세 이하),
89,LGU+,유쓰 5G 심플+,"61,000","부가통화 300분,
문자 기본제공",41GB,다 쓰면 최대 1Mbps 제공,,,,,"집/이동전화 무제한,
U+ 모바일tv 무료","약정 할인 시 45,750원",청년(만 19세 이상 만 34세 이하),
90,LGU+,5G 베이직+,"59,000","부가통화 300분,
문자 기본제공",24GB,다 쓰면 최대 1Mbps 제공,,,,,"집/이동전화 무제한,
U+ 모바일tv 라이트 무료","약정 할인 시 44,250원",,
91,LGU+,5G 시니어 C형,"39,000","부가통화 400분,
문자 기본제공",10GB,다 쓰면 최대 1Mbps 제공,,,,,"집/이동전화 무제한,
U+ 모바일tv 라이트 무료","약정 할인 시 29,250원",만 80세 이상,
92,LGU+,5G 스탠다드 에센셜,"70,000","부가통화 300분,
문자 기본제공",125GB,"기본 제공량 내 테더링/공유 55GB,
다 쓰면 최대 5Mbps 제공",,,,,"집/이동전화 무제한,
U+ 모바일tv 기본 월정액 무료","약정 할인 시 52,500원",,
93,LGU+,5G 데이터 슈퍼,"68,000","부가통화 300분,
문자 기본제공",95GB,"기본 제공량 내 테더링/공유 50GB,
다 쓰면 최대 3Mbps 제공",,,,,"집/이동전화 무제한,
U+ 모바일tv 기본 월정액 무료","약정 할인 시 51,000원",,
94,LGU+,유쓰 5G 스탠다드 에센셜,"70,000","부가통화 300분,
문자 기본제공",185GB,"기본 제공량 내 테더링/공유 60GB,
다 쓰면 최대 5Mbps 제공",,,,,"집/이동전화 무제한,
U+ 모바일tv 무료","약정 할인 시 52,500원",청년(만 19세 이상 만 34세 이하),
95,LGU+,5G 시그니처,"130,000","부가통화 300분,
문자 기본제공",무제한,"기본 제공량 내 테더링/공유 120GB,
참 쉬운 가족 데이터 60GB","삼성팩, 티빙, 디즈니+, 넷플릭스, 헬로렌탈구독, 일리커피구독, 우리집지킴이 Easy2+, 신한카드 Air, 유튜브 프리미엄 할인, 멀티팩 중 택 1,
아이들나라 스탠다드+러닝, 바이브 앱 음악감상, 유플레이, 밀리의 서재, 지니 중 택 1",,일부 100%,,"집/이동전화 무제한,
U+ 모바일tv 기본 월정액 무료,
U+멤버십 VVIP,
스마트 기기 2대 월정액 할인(2대 월정액 최대 33,000원 할인),
5G 시그니처 가족할인 33,000원,
25.4.1~25.10.31 기간 중 5G월정액 85,000원 이상 요금제 사용 시 로밍패스 요금제 가입 시 로밍 패스 기본 데이터를 2배로 받기 가능","약정 할인 시 92,250원,
U+휴대폰을 쓰는 친구, 가족과 결합하면 데이터 무제한 요금제를 최대 20,000원에 사용 가능,
만 18세 이하 청소년은 매달 10,000원 더 할인 받기 가능,
LG유플러스 매장 또는 고객센터 114에서 별도 신청할 경우, 약정 기간동안 통신요금 매달 5,250원 추가 할인,
만 18세 이하 자녀가 특정 요금제 사용하고 매장 또는 고객센터 114를 통해 따로 신청할 경우, 만 20세가 되는 날까지 휴대폰 1개 월정액 최대 33,000 할인 가능",,
96,LGU+,유쓰 5G 데이터 슈퍼,"68,000","부가통화 300분,
문자 기본제공",135GB,"기본 제공량 내 테더링/공유 55GB,
다 쓰면 최대 3Mbps 제공",,,,,"집/이동전화 무제한,
U+ 모바일tv 무료","약정 할인 시 51,000원",청년(만 19세 이상 만 34세 이하),
97,LGU+,유쓰 5G 베이직+,"59,000","부가통화 300분,
문자 기본제공",36GB,다 쓰면 최대 1Mbps 제공,,,,,"집/이동전화 무제한,
U+ 모바일tv 라이트 무료","약정 할인 시 44,250원",청년(만 19세 이상 만 34세 이하),
98,LGU+,5G 라이트 청소년,"45,000","부가통화 300분,
문자 기본제공",8GB,다 쓰면 최대 1Mbps 제공,,,,,"집/이동전화 무제한,
U+ 모바일tv 라이트 무료","약정 할인 시 33,750원",청소년(만 4세 이상 만 18세 이하),
99,LGU+,5G 프리미어 슈퍼,"115,000","부가통화 300분,
문자 기본제공",무제한,"기본 제공량 내 테더링/공유 100GB,
참 쉬운 가족 데이터 50GB","삼성팩, 티빙, 디즈니+, 넷플릭스, 헬로렌탈구독, 일리커피구독, 우리집지킴이 Easy2+, 신한카드 Air, 유튜브 프리미엄 할인, 멀티팩 중 택 1,
아이들나라 스탠다드+러닝, 바이브 앱 음악감상, 유플레이, 밀리의 서재, 지니 중 택 1",,일부 100%,,"집/이동전화 무제한,
U+ 모바일tv 기본 월정액 무료,
U+멤버십 VVIP
스마트 기기 2대 월정액 할인(2대 월정액 최대 33,000원 할인),
25.4.1~25.10.31 기간 중 5G월정액 85,000원 이상 요금제 사용 시 로밍패스 요금제 가입 시 로밍 패스 기본 데이터를 2배로 받기 가능","약정 할인 시 81,000원,
U+휴대폰을 쓰는 친구, 가족과 결합하면 데이터 무제한 요금제를 최대 20,000원에 사용 가능,
만 18세 이하 청소년은 매달 10,000원 더 할인 받기 가능,
LG유플러스 매장 또는 고객센터 114에서 별도 신청할 경우, 약정 기간동안 통신요금 매달 5,250원 추가 할인,",,
100,LGU+,5G 복지 55,"55,000","부가통화 600분,
문자 기본제공",14GB,다 쓰면 최대 1Mbps 제공,,,,,"집/이동전화 무제한,
U+ 모바일tv 라이트 무료","약정 할인 시 41,250원",복지할인 받는 고객,
101,LGU+,5G 복지 75,"75,000","부가통화 600분,
문자 기본제공",150GB,"기본 제공량 내 테더링/공유 60GB,
다 쓰면 최대 5Mbps 제공",,,,,"집/이동전화 무제한,
U+ 모바일tv 무료","약정 할인 시 56,250원",복지할인 받는 고객,
102,LGU+,5G 키즈 29,"29,000","부가통화 100분,
문자 기본제공",3.3GB,다 쓰면 최대 400Kbps 제공,,,,,집/이동전화 무제한,"약정 할인 시 21,750원",만 4세 이상 만 12세 이하,
103,LGU+,5G 키즈 39,"39,000","부가통화 300분,
문자 기본제공",5.5GB,다 쓰면 최대 1Mbps 제공,,,,,"집/이동전화 무제한,
바이브 300회 음악감상","약정 할인 시 29,250원",만 4세 이상 만 12세 이하,
104,LGU+,5G 키즈 45,"45,000","부가통화 300분,
문자 기본제공",9GB,다 쓰면 최대 1Mbps 제공,,,,,"집/이동전화 무제한,
바이브 300회 음악감상","약정 할인 시 33,750원",만 4세 이상 만 12세 이하,
105,SKT,다이렉트 5G 69(디즈니+),"69,000","영상/부가통화 300분, 
문자 기본제공",무제한,테더링/공유 80GB,디즈니+,스탠다드,100%,,"집/이동전화 무제한, 
T멤버십 VIP 혜택", 스마트기기 2회선 이용요금 무료,"T 다이렉트샵에서 신규가입, 
기기변경 또는 
유심을 개통한 경우에만 
가입 가능",
106,SKT,0 청년 다이렉트 69(디즈니+),"69,000","영상/부가통화 300분, 
문자 기본제공",무제한,테더링/공유 100GB,디즈니+,스탠다드,100%,,"집/이동전화 무제한,
커피/영화/로밍 50% 할인, 
T멤버십 VIP 혜택", 스마트기기 2회선 이용요금 무료,"만 19세 이상 만 34세 이하,
T 다이렉트샵에서 신규가입, 
기기변경 또는 
유심을 개통한 경우에만 
가입 가능",
107,SKT,5GX 플래티넘(스마트기기),"125,000","영상/부가통화 300분, 
문자 기본제공",무제한,테더링/공유 120GB,,,,,"집/이동전화 무제한,
스마트 기기(워치/태플릿) 할부금 할인,
T멤버십 VIP 혜택"," 스마트기기 2회선 이용요금 무료, 
선택약정 반영 시 93,705원",,
108,SKT,5GX 프리미엄(스마트기기),"109,000","영상/부가통화 300분, 
문자 기본제공",무제한,테더링/공유 100GB,,,,,"집/이동전화 무제한,
스마트 기기(워치/태플릿) 할부금 할인,
T멤버십 VIP 혜택"," 스마트기기 2회선 이용요금 무료, 
선택약정 반영 시 81,720원",,
109,SKT,0 청년 109(스마트기기),"109,000","영상/부가통화 300분, 
문자 기본제공",무제한,테더링/공유 120GB,,,,,"집/이동전화 무제한,
커피/영화/로밍 50% 할인, 
스마트 기기(워치/태플릿) 할부금 할인,
T멤버십 VIP 혜택"," 스마트기기 2회선 이용요금 무료, 
선택약정 반영 시 81,720원",만 19세 이상 만 34세 이하,
110,SKT,다이렉트5G 76(스마트기기),"76,000","영상/부가통화 300분, 
문자 기본제공",무제한,테더링/공유 100GB,,,,,"집/이동전화 무제한,
스마트 기기(워치/태플릿) 할부금 할인,
T멤버십 VIP 혜택", 스마트기기 2회선 이용요금 무료,"T 다이렉트샵에서 신규가입, 
기기변경 또는 
유심을 개통한 경우에만 
가입 가능",
111,SKT,5GX 플래티넘(T 우주),"125,000","영상/부가통화 300분, 
문자 기본제공",무제한,테더링/공유 120GB,"T 우주패스 쇼핑(11번가/G마켓), T 우주패스 편의점&카페, FLO 앤 데이터 플러스, 웨이브 앤 데이터 프리미엄 중 택 2 
(단, T 우주패스 쇼핑 또 편의점&카페 선택 시 최대 9,900원 할인)",,100%,,"집/이동전화 무제한,
T멤버십 VIP 혜택"," 스마트기기 2회선 이용요금 무료,
선택약정 반영 시 93,705원",,
112,SKT,5GX 프리미엄(T 우주),"109,000","영상/부가통화 300분, 
문자 기본제공",무제한,테더링/공유 100GB,,,,,"집/이동전화 무제한,
T멤버십 VIP 혜택,
CU 매장 구매 1000원 당 300원 할인,
요기요 14,000원 상당 쿠폰팩 제공,
T 우주패스 쇼핑(11번가/G마켓) 또는 T 우주패스 편의점&카페 월 최대 9,900원 할인,
CU 할인 멤버십, 요기요 혜택팩 각 4,900원 할인"," 스마트기기 2회선 이용요금 무료,
선택약정 반영 시 81,720원",,
113,SKT,5GX 프라임플러스(T 우주),"99,000","영상/부가통화 300분, 
문자 기본제공",무제한,테더링/공유 80GB,"T 우주패스 쇼핑(11번가/G마켓), T 우주패스 편의점&카페, FLO 앤 데이터 플러스, 웨이브 앤 데이터 프리미엄 중 택 1
(단, T 우주패스 쇼핑 또 편의점&카페 선택 시 최대 9,900원 할인)",,100%,,"집/이동전화 무제한,
T멤버십 VIP 혜택"," 스마트기기 2회선 이용요금 무료,
선택약정 반영 시 74,250원",,
114,SKT,5GX 프라임,"89,000","영상/부가통화 300분, 
문자 기본제공",무제한,테더링/공유 60GB,"T 우주패스 쇼핑(11번가/G마켓), T 우주패스 편의점&카페, FLO 앤 데이터 플러스, 웨이브 앤 데이터 프리미엄 중 택 2 
(단, T 우주패스 쇼핑 또 편의점&카페 선택 시 최대 5,000원 할인)",,100%,,"집/이동전화 무제한,
T멤버십 VIP 혜택"," 스마트기기 1회선 이용요금 무료,
선택약정 반영 시 66,725원",,
115,SKT,5GX 레귤러플러스,"79,000","영상/부가통화 300분, 
문자 기본제공",250GB,"테더링/공유 54GB,
다 쓰면 최대 5Mbps 제공",,,,,"집/이동전화 무제한,
웨이브 앤 데이터 매월 2,000원 할인"," 스마트기기 1회선 최대 50% 할인,
선택약정 반영 시 59,200원",,
116,SKT,5GX 레귤러,"69,000","영상/부가통화 300분, 
문자 기본제공",110GB,"테더링/공유 48GB,
다 쓰면 최대 5Mbps 제공",,,,,"집/이동전화 무제한,
웨이브 앤 데이터 매월 2,000원 할인","선택약정 반영 시 51,730원",,
117,SKT,베이직플러스 75GB업,"68,000","영상/부가통화 300분, 
문자 기본제공",99GB,"테더링/공유 24GB,
다 쓰면 최대 1Mbps 제공,
기본 제공 데이터 24GB에 데이터 75GB 충전 가능 ",,,,,"집/이동전화 무제한,
웨이브 앤 데이터 매월 2,000원 할인","선택약정 반영 시 50,950원",,
118,SKT,베이직플러스 50GB업,"66,000","영상/부가통화 300분, 
문자 기본제공",74GB,"테더링/공유 24GB,
다 쓰면 최대 1Mbps 제공,
기본 제공 데이터 24GB에 데이터 50GB 충전 가능 ",,,,,"집/이동전화 무제한,
웨이브 앤 데이터 매월 2,000원 할인","선택약정 반영 시 49,500원",,
119,SKT,베이직플러스 30GB업,"64,000","영상/부가통화 300분, 
문자 기본제공",54GB,"테더링/공유 24GB,
다 쓰면 최대 1Mbps 제공,
기본 제공 데이터 24GB에 데이터 30GB 충전 가능 ",,,,,"집/이동전화 무제한,
웨이브 앤 데이터 매월 2,000원 할인","선택약정 반영 시 47,995원",,
120,SKT,베이직플러스 13GB업,"62,000","영상/부가통화 300분, 
문자 기본제공",37GB,"테더링/공유 24GB,
다 쓰면 최대 1Mbps 제공,
기본 제공 데이터 24GB에 데이터 13GB 충전 가능 ",,,,,"집/이동전화 무제한,
웨이브 앤 데이터 매월 2,000원 할인","선택약정 반영 시 46,490원",,
121,SKT,베이직플러스,"59,000","영상/부가통화 300분, 
문자 기본제공",24GB,"테더링/공유 기본 제공 데이터 내 이용,
다 쓰면 최대 1Mbps 제공,
13GB부터 75GB까지 필요한 만큼, 1회만 또는 매달 데이터 충전 가능",,,,,"집/이동전화 무제한,
웨이브 앤 데이터 매월 2,000원 할인","선택약정 반영 시 44,205원",,
122,SKT,베이직,"49,000","영상/부가통화 300분, 
문자 기본제공",11GB,"테더링/공유 기본 제공 데이터 내 이용,
다 쓰면 최대 400Kbps 제공,
월 1회 데이터 3GB 충전 가능",,,,,"집/이동전화 무제한,
웨이브 앤 데이터 매월 2,000원 할인","선택약정 반영 시 36,735원",,
123,SKT,슬림,"55,000","영상/부가통화 300분, 
문자 기본제공",15GB,"테더링/공유 기본 제공 데이터 내 이용,
다 쓰면 최대 1Mbps 제공,
월 1회 데이터 4GB 충전 가능",,,,,"집/이동전화 무제한,
웨이브 앤 데이터 매월 2,000원 할인","선택약정 반영 시 41,250원",,
124,SKT,컴팩트플러스,"45,000","영상/부가통화 300분, 
문자 기본제공",8GB,"테더링/공유 기본 제공 데이터 내 이용,
다 쓰면 최대 400Kbps 제공,
월 1회 데이터 2GB 충전 가능",,,,,"집/이동전화 무제한,
웨이브 앤 데이터 매월 2,000원 할인","선택약정 반영 시 33,725원",,
125,SKT,컴팩트,"39,000","영상/부가통화 300분, 
문자 기본제공",6GB,"테더링/공유 기본 제공 데이터 내 이용,
다 쓰면 최대 400Kbps 제공,
월 1회 데이터 1GB 충전 가능",,,,,"집/이동전화 무제한,
웨이브 앤 데이터 매월 2,000원 할인","선택약정 반영 시 29,210원",,
126,SKT,0 청년 109(T 우주),"109,000","영상/부가통화 300분, 
문자 기본제공",무제한,테더링/공유 120GB,,,,,"집/이동전화 무제한,
커피/영화/로밍 50% 할인, 
T멤버십 VIP 혜택,
CU 매장 구매 1000원 당 300원 할인,
요기요 14,000원 상당 쿠폰팩 제공,
T 우주패스 쇼핑(11번가/G마켓) 또는 T 우주패스 편의점&카페 월 최대 9,900원 할인,
CU 할인 멤버십, 요기요 혜택팩 각 4,900원 할인,
브랜드 택1 커피 1잔 50% 할인 쿠폰 월 1장 제공,
CGV 영화 관람권 월 1장 50% 할인,
baro 요금제 50% 할인,
군인이고 0히어로 할인제도 가입 시 커피/영화 할인 1회 추가 제공"," 스마트기기 2회선 이용요금 무료,
선택약정 반영 시 81,720원",만 34세 이하,
127,SKT,0 청년 99(T 우주),"99,000","영상/부가통화 300분, 
문자 기본제공",무제한,테더링/공유 100GB,"T 우주패스 쇼핑(11번가/G마켓), T 우주패스 편의점&카페, FLO 앤 데이터 플러스, 웨이브 앤 데이터 프리미엄 중 택 2 
(단, T 우주패스 쇼핑 또 편의점&카페 선택 시 최대 9,900원 할인)",,100%,,"집/이동전화 무제한,
커피/영화/로밍 50% 할인, 
T멤버십 VIP 혜택
브랜드 택1 커피 1잔 50% 할인 쿠폰 월 1장 제공,
CGV 영화 관람권 월 1장 50% 할인,
baro 요금제 50% 할인,
군인이고 0히어로 할인제도 가입 시 커피/영화 할인 1회 추가 제공"," 스마트기기 2회선 이용요금 무료,
선택약정 반영 시 74,250원",만 34세 이하,
128,SKT,0 청년 89,"89,000","영상/부가통화 300분, 
문자 기본제공",무제한,테더링/공유 80GB,"T 우주패스 쇼핑(11번가/G마켓), T 우주패스 편의점&카페, FLO 앤 데이터 플러스, 웨이브 앤 데이터 프리미엄 중 택 2 
(단, T 우주패스 쇼핑 또 편의점&카페 선택 시 최대 5,000원 할인)",,70%,,"집/이동전화 무제한,
커피/영화/로밍 50% 할인, 
T멤버십 VIP 혜택
브랜드 택1 커피 1잔 50% 할인 쿠폰 월 1장 제공,
CGV 영화 관람권 월 1장 50% 할인,
baro 요금제 50% 할인,
군인이고 0히어로 할인제도 가입 시 커피/영화 할인 1회 추가 제공"," 스마트기기 1회선 이용요금 무료,
선택약정 반영 시 66,725원",만 34세 이하,
129,SKT,0 청년 79,"79,000","영상/부가통화 300분, 
문자 기본제공",300GB,"테더링/공유 60GB,
다 쓰면 최대 5Mbps 제공,",,,,,"집/이동전화 무제한,
커피/영화/로밍 50% 할인, 
브랜드 택1 커피 1잔 50% 할인 쿠폰 월 1장 제공,
CGV 영화 관람권 월 1장 50% 할인,
baro 요금제 50% 할인,
군인이고 0히어로 할인제도 가입 시 커피/영화 할인 1회 추가 제공,
웨이브 앤 데이터 매월 2,000원 할인"," 스마트기기 1회선 최대 50% 할인,
선택약정 반영 시 59,200원",만 34세 이하,
130,SKT,0 청년 69,"69,000","영상/부가통화 300분, 
문자 기본제공",160GB,"테더링/공유 50GB,
다 쓰면 최대 5Mbps 제공,",,,,,"집/이동전화 무제한,
커피/영화/로밍 50% 할인, 
브랜드 택1 커피 1잔 50% 할인 쿠폰 월 1장 제공,
CGV 영화 관람권 월 1장 50% 할인,
baro 요금제 50% 할인,
군인이고 0히어로 할인제도 가입 시 커피/영화 할인 1회 추가 제공,
웨이브 앤 데이터 매월 2,000원 할인","선택약정 반영 시 51,730원",만 34세 이하,
131,SKT,0 청년 59 100GB업,"68,000","영상/부가통화 300분, 
문자 기본제공",136GB,"테더링/공유 36GB,
다 쓰면 최대 1Mbps 제공,
기본 제공 데이터 36GB에 데이터 100GB 충전 가능 ",,,,,"집/이동전화 무제한,
커피/영화/로밍 50% 할인, 
브랜드 택1 커피 1잔 50% 할인 쿠폰 월 1장 제공,
CGV 영화 관람권 월 1장 50% 할인,
baro 요금제 50% 할인,
군인이고 0히어로 할인제도 가입 시 커피/영화 할인 1회 추가 제공,
웨이브 앤 데이터 매월 2,000원 할인","선택약정 반영 시 50,950원",만 34세 이하,
132,SKT,0 청년 59 60GB업,"66,000","영상/부가통화 300분, 
문자 기본제공",96GB,"테더링/공유 36GB,
다 쓰면 최대 1Mbps 제공,
기본 제공 데이터 36GB에 데이터 60GB 충전 가능 ",,,,,"집/이동전화 무제한,
커피/영화/로밍 50% 할인, 
브랜드 택1 커피 1잔 50% 할인 쿠폰 월 1장 제공,
CGV 영화 관람권 월 1장 50% 할인,
baro 요금제 50% 할인,
군인이고 0히어로 할인제도 가입 시 커피/영화 할인 1회 추가 제공,
웨이브 앤 데이터 매월 2,000원 할인","선택약정 반영 시 49,500원",만 34세 이하,
133,SKT,0 청년 59 36GB업,"64,000","영상/부가통화 300분, 
문자 기본제공",72GB,"테더링/공유 36GB,
다 쓰면 최대 1Mbps 제공,
기본 제공 데이터 36GB에 데이터 36GB 충전 가능 ",,,,,"집/이동전화 무제한,
커피/영화/로밍 50% 할인, 
브랜드 택1 커피 1잔 50% 할인 쿠폰 월 1장 제공,
CGV 영화 관람권 월 1장 50% 할인,
baro 요금제 50% 할인,
군인이고 0히어로 할인제도 가입 시 커피/영화 할인 1회 추가 제공,
웨이브 앤 데이터 매월 2,000원 할인","선택약정 반영 시 47,995원",만 34세 이하,
134,SKT,0 청년 59 15GB업,"62,000","영상/부가통화 300분, 
문자 기본제공",51GB,"테더링/공유 36GB,
다 쓰면 최대 1Mbps 제공,
기본 제공 데이터 36GB에 데이터 15GB 충전 가능 ",,,,,"집/이동전화 무제한,
커피/영화/로밍 50% 할인, 
브랜드 택1 커피 1잔 50% 할인 쿠폰 월 1장 제공,
CGV 영화 관람권 월 1장 50% 할인,
baro 요금제 50% 할인,
군인이고 0히어로 할인제도 가입 시 커피/영화 할인 1회 추가 제공,
웨이브 앤 데이터 매월 2,000원 할인","선택약정 반영 시 46,490원",만 34세 이하,
135,SKT,0 청년 59 ,"59,000","영상/부가통화 300분, 
문자 기본제공",36GB,"테더링/공유 기본 제공 데이터 내 이용,
다 쓰면 최대 1Mbps 제공,
15GB부터 100GB까지 필요한 만큼, 1회만 또는 매달 데이터 충전 가능",,,,,"집/이동전화 무제한,
커피/영화/로밍 50% 할인, 
브랜드 택1 커피 1잔 50% 할인 쿠폰 월 1장 제공,
CGV 영화 관람권 월 1장 50% 할인,
baro 요금제 50% 할인,
군인이고 0히어로 할인제도 가입 시 커피/영화 할인 1회 추가 제공,
웨이브 앤 데이터 매월 2,000원 할인","선택약정 반영 시 44,205원",만 34세 이하,
136,SKT,0 청년 49 ,"49,000","영상/부가통화 300분, 
문자 기본제공",15GB,"테더링/공유 기본 제공 데이터 내 이용,
다 쓰면 최대 400Kbps 제공,
월 1회 데이터 4GB 충전 가능",,,,,"집/이동전화 무제한,
커피/영화/로밍 50% 할인, 
브랜드 택1 커피 1잔 50% 할인 쿠폰 월 1장 제공,
CGV 영화 관람권 월 1장 50% 할인,
baro 요금제 50% 할인,
군인이고 0히어로 할인제도 가입 시 커피/영화 할인 1회 추가 제공,
웨이브 앤 데이터 매월 2,000원 할인","선택약정 반영 시 36,735원",만 34세 이하,
137,SKT,0 청년 43,"43,000","영상/부가통화 300분, 
문자 기본제공",8GB,"테더링/공유 기본 제공 데이터 내 이용,
다 쓰면 최대 400Kbps 제공,
월 1회 데이터 2GB 충전 가능",,,,,"집/이동전화 무제한,
커피/영화/로밍 50% 할인, 
브랜드 택1 커피 1잔 50% 할인 쿠폰 월 1장 제공,
CGV 영화 관람권 월 1장 50% 할인,
baro 요금제 50% 할인,
군인이고 0히어로 할인제도 가입 시 커피/영화 할인 1회 추가 제공,
웨이브 앤 데이터 매월 2,000원 할인","선택약정 반영 시 32,220원",만 34세 이하,
138,SKT,0 청년 37,"37,000","영상/부가통화 300분, 
문자 기본제공",6GB,"테더링/공유 기본 제공 데이터 내 이용,
다 쓰면 최대 400Kbps 제공,
월 1회 데이터 1GB 충전 가능",,,,,"집/이동전화 무제한,
커피/영화/로밍 50% 할인, 
브랜드 택1 커피 1잔 50% 할인 쿠폰 월 1장 제공,
CGV 영화 관람권 월 1장 50% 할인,
baro 요금제 50% 할인,
군인이고 0히어로 할인제도 가입 시 커피/영화 할인 1회 추가 제공,
웨이브 앤 데이터 매월 2,000원 할인","선택약정 반영 시 27,705원",만 34세 이하,
139,SKT,0틴 5G,"45,000","영상/부가통화 300분, 
문자 기본제공",9GB,"테더링/공유 기본 제공 데이터 내 이용,
다 쓰면 최대 1Mbps 제공",,,,,집/이동전화 무제한,"선택약정 반영 시 33,725원",만 18세 이하,
140,SKT,5G ZEM플랜 퍼펙트,"36,000","영상/부가통화 300분, 
문자 기본제공",6GB,"테더링/공유 기본 제공 데이터 내 이용,
다 쓰면 최대 1Mbps 제공",,,,,집/이동전화 무제한,"선택약정 반영 시 26,980원","만 12세 이하,
SKT 고객센터(114) 또는 SK텔레콤 지점/대리점에서 가입 가능",
141,SKT,5G ZEM플랜 베스트,"26,000","영상/부가통화 100분, 
문자 기본제공",3GB,"테더링/공유 기본 제공 데이터 내 이용,
다 쓰면 최대 400Kbps 제공",,,,,집/이동전화 무제한,"선택약정 반영 시 19,455원","만 12세 이하,
SKT 고객센터(114) 또는 SK텔레콤 지점/대리점에서 가입 가능",
142,SKT,5G 시니어 A형,"45,000","영상/부가통화 400분, 
문자 기본제공",10GB,"테더링/공유 기본 제공 데이터 내 이용,
다 쓰면 최대 1Mbps 제공",,,,,집/이동전화 무제한,"선택약정 반영 시 33,725원",만 65세 이상,
143,SKT,5G 시니어 B형,"44,000","영상/부가통화 400분, 
문자 기본제공",9GB,"테더링/공유 기본 제공 데이터 내 이용,
다 쓰면 최대 1Mbps 제공",,,,,집/이동전화 무제한,"선택약정 반영 시 33,000원",만 70세 이상,
144,SKT,5G 시니어 C형,"42,000","영상/부가통화 400분, 
문자 기본제공",8GB,"테더링/공유 기본 제공 데이터 내 이용,
다 쓰면 최대 1Mbps 제공",,,,,집/이동전화 무제한,"선택약정 반영 시 31,495원",만 80세 이상,
145,SKT,5G 행복누리 레귤러,"69,000","영상/부가통화 600분, 
문자 기본제공",110GB,"테더링/공유 48GB,
다 쓰면 최대 5Mbps 제공",,,,,집/이동전화 무제한,"선택약정 반영 시 51,730원","시각/청각/언어 장애인, 
고객센터 또는 지점/대리점에서 가입 가능",
146,SKT,5G 행복누리 슬림,"55,000","영상/부가통화 600분, 
문자 기본제공",11GB,"테더링/공유 기본 제공 데이터 내 이용,
다 쓰면 최대 1Mbps 제공",,,,,집/이동전화 무제한,"선택약정 반영 시 41,250원","시각/청각/언어 장애인, 
고객센터 또는 지점/대리점에서 가입 가능",
147,SKT,다이렉트 5G 76(T 우주),"76,000","영상/부가통화 300분, 
문자 기본제공",무제한,테더링/공유 100GB,,,,,"집/이동전화 무제한,
T멤버십 VIP 혜택,
CU 매장 구매 1000원 당 300원 할인,
요기요 14,000원 상당 쿠폰팩 제공,
T 우주패스 쇼핑(11번가/G마켓) 또는 T 우주패스 편의점&카페 월 최대 9,900원 할인,
CU 할인 멤버십, 요기요 혜택팩 각 4,900원 할인", 스마트기기 2회선 이용요금 무료,"T 다이렉트샵에서 신규가입, 
기기변경 또는 
유심을 개통한 경우에만 
가입 가능",
148,SKT,다이렉트 5G 69(T 우주),"69,000","영상/부가통화 300분, 
문자 기본제공",무제한,테더링/공유 80GB,"T 우주패스 쇼핑(11번가/G마켓), T 우주패스 편의점&카페, FLO 앤 데이터 플러스, 웨이브 앤 데이터 프리미엄 중 택 1
(단, T 우주패스 쇼핑 또 편의점&카페 선택 시 최대 9,900원 할인)",,100%,,"집/이동전화 무제한,
T멤버십 VIP 혜택", 스마트기기 2회선 이용요금 무료,"T 다이렉트샵에서 신규가입, 
기기변경 또는 
유심을 개통한 경우에만 
가입 가능",
149,SKT,다이렉트 5G 62,"62,000","영상/부가통화 300분, 
문자 기본제공",무제한,테더링/공유 60GB,"T 우주패스 쇼핑(11번가/G마켓), T 우주패스 편의점&카페, FLO 앤 데이터 플러스, 웨이브 앤 데이터 프리미엄 중 택 2 
(단, T 우주패스 쇼핑 또 편의점&카페 선택 시 최대 5,000원 할인)",,70%,,"집/이동전화 무제한,
T멤버십 VIP 혜택", 스마트기기 1회선 이용요금 무료,"T 다이렉트샵에서 신규가입, 
기기변경 또는 
유심을 개통한 경우에만 
가입 가능",
150,SKT,다이렉트 5G 55,"55,000","영상/부가통화 300분, 
문자 기본제공",250GB,"테더링/공유 54GB,
다 쓰면 최대 5Mbps 제공",,,,,"집/이동전화 무제한,
웨이브 앤 데이터 매월 2,000원 할인", 스마트기기 1회선 이용요금 최대 50% 할인,"T 다이렉트샵에서 신규가입, 
기기변경 또는 
유심을 개통한 경우에만 
가입 가능",
151,SKT,다이렉트 5G 48,"48,000","영상/부가통화 300분, 
문자 기본제공",110GB,"테더링/공유 48GB,
다 쓰면 최대 5Mbps 제공",,,,,"집/이동전화 무제한,
웨이브 앤 데이터 매월 2,000원 할인",,"T 다이렉트샵에서 신규가입, 
기기변경 또는 
유심을 개통한 경우에만 
가입 가능",
152,SKT,다이렉트 5G 42,"42,000","영상/부가통화 300분, 
문자 기본제공",24GB,"테더링/공유 기본 제공 데이터 내 이용,
다 쓰면 최대 1Mbps 제공",,,,,"집/이동전화 무제한,
웨이브 앤 데이터 매월 2,000원 할인",,"T 다이렉트샵에서 신규가입, 
기기변경 또는 
유심을 개통한 경우에만 
가입 가능",
153,SKT,다이렉트 5G 38,"38,000","영상/부가통화 300분, 
문자 기본제공",15GB,"테더링/공유 기본 제공 데이터 내 이용,
다 쓰면 최대 1Mbps 제공",,,,,"집/이동전화 무제한,
웨이브 앤 데이터 매월 2,000원 할인",,"T 다이렉트샵에서 신규가입, 
기기변경 또는 
유심을 개통한 경우에만 
가입 가능",
154,SKT,다이렉트 5G 34,"34,000","영상/부가통화 300분, 
문자 기본제공",11GB,"테더링/공유 기본 제공 데이터 내 이용,
다 쓰면 최대 400Kbps 제공",,,,,"집/이동전화 무제한,
웨이브 앤 데이터 매월 2,000원 할인",,"T 다이렉트샵에서 신규가입, 
기기변경 또는 
유심을 개통한 경우에만 
가입 가능",
155,SKT,다이렉트 5G 31,"31,000","영상/부가통화 300분, 
문자 기본제공",8GB,"테더링/공유 기본 제공 데이터 내 이용,
다 쓰면 최대 400Kbps 제공",,,,,"집/이동전화 무제한,
웨이브 앤 데이터 매월 2,000원 할인",,"T 다이렉트샵에서 신규가입, 
기기변경 또는 
유심을 개통한 경우에만 
가입 가능",
156,SKT,다이렉트 5G 27,"27,000","영상/부가통화 300분, 
문자 기본제공",6GB,"테더링/공유 기본 제공 데이터 내 이용,
다 쓰면 최대 400Kbps 제공",,,,,"집/이동전화 무제한,
웨이브 앤 데이터 매월 2,000원 할인",,"T 다이렉트샵에서 신규가입, 
기기변경 또는 
유심을 개통한 경우에만 
가입 가능",
157,SKT,0 청년 다이렉트 69(T 우주),"69,000","영상/부가통화 300분, 
문자 기본제공",무제한,테더링/공유 100GB,"T 우주패스 쇼핑(11번가/G마켓), T 우주패스 편의점&카페, FLO 앤 데이터 플러스, 웨이브 앤 데이터 프리미엄 중 택 1
(단, T 우주패스 쇼핑 또 편의점&카페 선택 시 최대 9,900원 할인)",,100%,,"집/이동전화 무제한,
커피/영화/로밍 50% 할인, 
T멤버십 VIP 혜택,
브랜드 택1 커피 1잔 50% 할인 쿠폰 월 1장 제공,
CGV 영화 관람권 월 1장 50% 할인,
baro 요금제 50% 할인,
군인이고 0히어로 할인제도 가입 시 커피/영화 할인 1회 추가 제공,", 스마트기기 2회선 이용요금 무료,"만 34세 이하,
T 다이렉트샵에서 신규가입, 
기기변경 또는 
유심을 개통한 경우에만 
가입 가능",
158,SKT,0 청년 다이렉트 62,"62,000","영상/부가통화 300분, 
문자 기본제공",무제한,테더링/공유 80GB,"T 우주패스 쇼핑(11번가/G마켓), T 우주패스 편의점&카페, FLO 앤 데이터 플러스, 웨이브 앤 데이터 프리미엄 중 택 2 
(단, T 우주패스 쇼핑 또 편의점&카페 선택 시 최대 5,000원 할인)",,70%,,"집/이동전화 무제한,
커피/영화/로밍 50% 할인, 
T멤버십 VIP 혜택,
브랜드 택1 커피 1잔 50% 할인 쿠폰 월 1장 제공,
CGV 영화 관람권 월 1장 50% 할인,
baro 요금제 50% 할인,
군인이고 0히어로 할인제도 가입 시 커피/영화 할인 1회 추가 제공,", 스마트기기 1회선 이용요금 무료,"만 34세 이하,
T 다이렉트샵에서 신규가입, 
기기변경 또는 
유심을 개통한 경우에만 
가입 가능",
159,SKT,0 청년 다이렉트 55,"55,000","영상/부가통화 300분, 
문자 기본제공",300GB,"테더링/공유 60GB,
다 쓰면 최대 5Mbps 제공
",,,,,"집/이동전화 무제한,
커피/영화/로밍 50% 할인, 
브랜드 택1 커피 1잔 50% 할인 쿠폰 월 1장 제공,
CGV 영화 관람권 월 1장 50% 할인,
baro 요금제 50% 할인,
군인이고 0히어로 할인제도 가입 시 커피/영화 할인 1회 추가 제공,
웨이브 앤 데이터 매월 2,000원 할인", 스마트기기 1회선 이용요금 최대 50% 할인,"만 34세 이하,
T 다이렉트샵에서 신규가입, 
기기변경 또는 
유심을 개통한 경우에만 
가입 가능",
160,SKT,0 청년 다이렉트 48,"48,000","영상/부가통화 300분, 
문자 기본제공",160GB,"테더링/공유 50GB,
다 쓰면 최대 5Mbps 제공
",,,,,"집/이동전화 무제한,
커피/영화/로밍 50% 할인, 
브랜드 택1 커피 1잔 50% 할인 쿠폰 월 1장 제공,
CGV 영화 관람권 월 1장 50% 할인,
baro 요금제 50% 할인,
군인이고 0히어로 할인제도 가입 시 커피/영화 할인 1회 추가 제공,
웨이브 앤 데이터 매월 2,000원 할인",,"만 34세 이하,
T 다이렉트샵에서 신규가입, 
기기변경 또는 
유심을 개통한 경우에만 
가입 가능",
161,SKT,0 청년 다이렉트 42,"42,000","영상/부가통화 300분, 
문자 기본제공",36GB,"테더링/공유 기본 제공 데이터 내 이용,
다 쓰면 최대 1Mbps 제공",,,,,"집/이동전화 무제한,
커피/영화/로밍 50% 할인, 
브랜드 택1 커피 1잔 50% 할인 쿠폰 월 1장 제공,
CGV 영화 관람권 월 1장 50% 할인,
baro 요금제 50% 할인,
군인이고 0히어로 할인제도 가입 시 커피/영화 할인 1회 추가 제공,
웨이브 앤 데이터 매월 2,000원 할인",,"만 34세 이하,
T 다이렉트샵에서 신규가입, 
기기변경 또는 
유심을 개통한 경우에만 
가입 가능",
162,SKT,0 청년 다이렉트 34,"34,000","영상/부가통화 300분, 
문자 기본제공",15GB,"테더링/공유 기본 제공 데이터 내 이용,
다 쓰면 최대 400Kbps 제공",,,,,"집/이동전화 무제한,
커피/영화/로밍 50% 할인, 
브랜드 택1 커피 1잔 50% 할인 쿠폰 월 1장 제공,
CGV 영화 관람권 월 1장 50% 할인,
baro 요금제 50% 할인,
군인이고 0히어로 할인제도 가입 시 커피/영화 할인 1회 추가 제공,
웨이브 앤 데이터 매월 2,000원 할인",,"만 34세 이하,
T 다이렉트샵에서 신규가입, 
기기변경 또는 
유심을 개통한 경우에만 
가입 가능",
163,SKT,0 청년 다이렉트 30,"30,000","영상/부가통화 300분, 
문자 기본제공",8GB,"테더링/공유 기본 제공 데이터 내 이용,
다 쓰면 최대 400Kbps 제공",,,,,"집/이동전화 무제한,
커피/영화/로밍 50% 할인, 
브랜드 택1 커피 1잔 50% 할인 쿠폰 월 1장 제공,
CGV 영화 관람권 월 1장 50% 할인,
baro 요금제 50% 할인,
군인이고 0히어로 할인제도 가입 시 커피/영화 할인 1회 추가 제공,
웨이브 앤 데이터 매월 2,000원 할인",,"만 34세 이하,
T 다이렉트샵에서 신규가입, 
기기변경 또는 
유심을 개통한 경우에만 
가입 가능",